LOCALIDAD,BARRIO,CASA DE CULTURA,MODALIDAD,DIA,HORA
SUROCCIDENTE,EL CARMEN,I.E.D SOFIA CAMARGO DE LLERAS,BISUTERÍA Y ACCESORIOS,miercoles,02:00-06:00
SUROCCIDENTE,POR FIN,I.E.D MANUEL ELKIN PATARROYO,GUITARRA,domingo,08:00-12:00
N.C.H.,EL ROSARIO,I.E.D MADRE MARCELINA,TEJIDO,jueves,02:00-06:00
SUROCCIDENTE,SOURDIS,I.E.D EVARISTO SOURDIS,PINTURA,sabado,08:00-12:00
SURORIENTE,LA UNION,CENTRO DE ATENCION SUPERAR,PINTURA,miercoles,08:00-12:00
RIOMAR,LA PLAYA,INSTITUCION EDUCATIVA CRISTIANA LA ROSA DE SARON,PINTURA,sabado,08:00-12:00
METROPOLITANA,LA VICTORIA,I.E.D LA VICTORIA,CONFECCION ARTESANAL,sabado,02:00-06:00
N.C.H.,BELLAVISTA,I.E.D PESTALOZZI,TEJIDO,viernes,02:00-06:00
SUROCCIDENTE,LA PAZ,CASA LUDICA LA PAZ,ACORDEON,martes,02:00-06:00
SURORIENTE,SIMON BOLIVAR,I.E.D LUZ DEL CARIBE,DANZA FOLCLORICA,sabado,02:00-06:00
SURORIENTE,LAS PALMAS,I.E.D MARCO FIDEL SUAREZ,GUITARRA,sabado,08:00-12:00
SURORIENTE,LAS PALMAS,I.E.D MARCO FIDEL SUAREZ,GUITARRA,sabado,08:00-12:00
N.C.H.,BARLOVENTO,I.E.D BRISAS DEL RIO,DANZA MODERNA,jueves,02:00-06:00
SUROCCIDENTE,LA MANGA,BIBLIOTECA POPULAR LA MANGA,PINTURA,jueves,02:00-06:00
SURORIENTE,CAMPITO,I.E.D EL CAMPITO,TEATRO,sabado,02:00-06:00
METROPOLITANA,CAYENAS,MEGACOLEGIO GERMAN VARGAS CANTILLO (FE Y ALEGRIA),INSTRUMENTOS DE VIENTO,miercoles,02:00-06:00
SURORIENTE,SIMON BOLIVAR,I.E.D JORGE ISAACS,LITERATURA,sabado,08:00-12:00
RIOMAR,LAS FLORES,COLEGIO LIBERTADOR SIMON BOLIVAR (FE Y ALEGRIA),INSTRUMENTOS DE VIENTO,miercoles,02:00-06:00
SUROCCIDENTE,EL BOSQUE,I.E.D NUEVO BOSQUE,PINTURA,jueves,02:00-06:00
METROPOLITANA,LAS AMERICAS,I.E.D DESPERTAR DEL SUR,DANZA MODERNA,sabado,02:00-06:00
SUROCCIDENTE,POR FIN,I.E.D MANUEL ZAPATA OLIVELLA,INSTRUMENTOS DE VIENTO,domingo,08:00-12:00
SUROCCIDENTE,POR FIN,I.E.D MANUEL ZAPATA OLIVELLA,INSTRUMENTOS DE VIENTO,domingo,08:00-12:00
METROPOLITANA,SANTUARIO,CASA DE LA JUVENTUD SANTUARIO,PERCUSION,viernes,02:00-06:00
SUROCCIDENTE,CALIFORNIA,HOGAR INFANTIL LAS MALVINAS (FE Y ALEGRIA),LITERATURA,viernes,08:00-12:00
SURORIENTE,SIMON BOLIVAR,I.E.D JORGE ISAACS,DIBUJO,sabado,08:00-12:00
RIOMAR,LA PLAYA,I.E.D EL CAÑAHUATE SEDE 2,DANZA FOLCLORICA,sabado,02:00-06:00
METROPOLITANA,CEVILLAR,I.E.D CRUZADA SOCIAL,INICIACION MUSICAL,jueves,08:00-12:00
SURORIENTE,SAN ROQUE,I.E.D LA PRESENTACION,DANZA FOLCLORICA,sabado,08:00-12:00
N.C.H.,SANTA ANA,I.E.D DEL DESARROLLO HUMANO Y CULTURAL DEL CARIBE,PINTURA,viernes,08:00-12:00
METROPOLITANA,SAN LUIS,I.E.D SAN LUIS BACHILLERATO,GUITARRA,jueves,02:00-06:00
SUROCCIDENTE,NUEVA COLOMBIA,I.E.D PAULINO SALGADO BATATA,DIBUJO,domingo,08:00-12:00
RIOMAR,VILLAS DE SAN PABLO,I.E.D VILLAS DE SAN PABLO,DANZA URBANA,jueves,02:00-06:00
METROPOLITANA,LA SIERRITA,I.E.D JESUS DE NAZARETH SEDE 2,DANZA URBANA,jueves,02:00-06:00
SURORIENTE,LOS TRUPILLOS,I.E.D LAS NIEVES (PRIMARIA),LITERATURA,martes,08:00-12:00
RIOMAR,JUAN MINA,I.E.D JUAN MINA,DANZA FOLCLORICA,sabado,08:00-12:00
METROPOLITANA,LA VICTORIA,HOGAR INFANTIL LA VICTORIA,PERCUSION,martes,08:00-12:00
METROPOLITANA,SANTA MARIA,I.E.D SANTA MARIA,DANZA FOLCLORICA,sabado,02:00-06:00
SUROCCIDENTE,EL BOSQUE,I.E.D LESTONNAC,PINTURA,miercoles,08:00-12:00
METROPOLITANA,LAS GRANJAS,I.E.D LAS GRANJAS,DANZA URBANA,jueves,02:00-06:00
N.C.H.,CHIQUINQUIRA,CDI CHIQUINQUIRA FAMILIAR MAI,PINTURA,viernes,08:00-12:00
SURORIENTE,LA UNION,CENTRO DE ATENCION SUPERAR,PERCUSION,viernes,08:00-12:00
SURORIENTE,CAMPITO,I.E.D EL CAMPITO,SEMILLAS Y FRUTOS,sabado,02:00-06:00
SUROCCIDENTE,LA PRADERA,I.E.D BETZABE ESPINOSA,PINTURA,sabado,02:00-06:00
SUROCCIDENTE,EL BOSQUE,CENTRO PENITENCIARIO EL BOSQUE,PERCUSION,viernes,08:00-12:00
SURORIENTE,BOYACA,I.E.D SAN GABRIEL,INSTRUMENTOS DE VIENTO,jueves,02:00-06:00
N.C.H.,EL ROSARIO,I.E.D INSTECO (INSTITUTO TECNICO DEL COMERCIO),DANZA MODERNA,sabado,08:00-12:00
N.C.H.,BARLOVENTO,BIBLIOTECA PILOTO PLAZA DE LA ADUANA,TEJIDO,martes,02:00-06:00
SURORIENTE,LAS NIEVES,COLEGIO TECNICO DIVERSIFICADO DE BARRANQUILLA,ENSAMBLES,sabado,08:00-12:00
RIOMAR,JUAN MINA,I.E.D JUAN MINA,PINTURA,sabado,02:00-06:00
SUROCCIDENTE,EL BOSQUE,C.D.C EL BOSQUE,PERCUSION,miercoles,02:00-06:00
SUROCCIDENTE,LAS MALVINAS,I.E.D MUNDO BOLIVARIANO,DIBUJO,sabado,02:00-06:00
METROPOLITANA,GARDENIAS,MEGACOLEGIO LAS GARDENIAS,CONFECCION ARTESANAL,viernes,02:00-06:00
SURORIENTE,LAS PALMAS,I.E.D MARCO FIDEL SUAREZ,PINTURA,viernes,02:00-06:00
N.C.H.,CHIQUINQUIRA,CENTRO DE REHABILITACION FEMENINA EL BUEN PASTOR,DANZA MODERNA,jueves,02:00-06:00
N.C.H.,CHIQUINQUIRA,I.E.D JOSE EUSEBIO CARO,DIBUJO,miercoles,08:00-12:00
SURORIENTE,LA CEIBA,I.E.D MEIRA DEL MAR,INSTRUMENTOS DE VIENTO,sabado,02:00-06:00
SURORIENTE,SIMON BOLIVAR,I.E.D JORGE ISAACS,ACORDEON,sabado,08:00-12:00
SUROCCIDENTE,CARLOS MEISEL,HOGAR INFANTIL CARLOS MEISEL (FE Y ALEGRIA),PERCUSION,viernes,08:00-12:00
METROPOLITANA,CIUDADELA 20 DE JULIO,I.E.D PABLO NERUDA,GUITARRA,sabado,02:00-06:00
SURORIENTE,EL FERRY,CDI LA MILAGROSA FERRY,LITERATURA,miercoles,08:00-12:00
N.C.H.,BOSTON,I.E.D CODEBA,TEATRO,sabado,08:00-12:00
SUROCCIDENTE,LOS PINOS,I.E.D SALVADOR SUAREZ SUAREZ,DANZA FOLCLORICA,jueves,02:00-06:00
RIOMAR,LAS FLORES,COLEGIO LIBERTADOR SIMON BOLIVAR (FE Y ALEGRIA),CIRCO,miercoles,02:00-06:00
METROPOLITANA,GARDENIAS,MEGACOLEGIO LAS GARDENIAS,TEATRO,viernes,02:00-06:00
SURORIENTE,UNIVERSAL,ASILO HOGAR GRANJA SAN JOSE,DANZA FOLCLORICA,viernes,08:00-12:00
SURORIENTE,ALBORAYA 2,I.E.D CASTILLO DE LA ALBORAYA,TEATRO,viernes,02:00-06:00
RIOMAR,VEREDA LAS NUBES,CENTRO DE EDUCACION BASICA N. 201,PINTURA,miercoles,08:00-12:00
SURORIENTE,BELLARENA,I.E.D OCTAVIO PAZ,RECICLAJE Y MANUALIDADES,sabado,02:00-06:00
SURORIENTE,LOS LAURELES,I.E.D LOS LAURELES,PERCUSION,sabado,08:00-12:00
METROPOLITANA,SANTA MARIA,I.E.D SANTA MARIA,INSTRUMENTOS DE VIENTO,sabado,02:00-06:00
METROPOLITANA,LAS GRANJAS,I.E.D LAS GRANJAS,PERCUSION,jueves,02:00-06:00
SURORIENTE,LA LUZ,I.E.D SAN MIGUEL ARCANGEL,DANZA FOLCLORICA,sabado,08:00-12:00
SUROCCIDENTE,LOS PINOS,I.E.D PARA EL DESARROLLO DEL TALENTO HUMANO,DIBUJO,jueves,02:00-06:00
SUROCCIDENTE,EL PUEBLO,I.E.D EL PUEBLO,TEATRO,sabado,02:00-06:00
SUROCCIDENTE,LA MANGA,I.E.D DENIS HERRERA DE VILLA,MADERA,sabado,08:00-12:00
METROPOLITANA,SANTO DOMINGO,I.E.D JOSE CONSUEGRA HIGGINS,PERCUSION,sabado,08:00-12:00
SURORIENTE,LA CEIBA,I.E.D MEIRA DEL MAR,INSTRUMENTOS DE VIENTO,viernes,02:00-06:00
SURORIENTE,LAS PALMAS,I.E.D RODOLFO LLINAS RIASCOS,PINTURA,sabado,02:00-06:00
SUROCCIDENTE,CARIBE VERDE,CASA HOGAR VICTOR TAMAYO,TEATRO,martes,08:00-12:00
METROPOLITANA,CAYENAS,MEGACOLEGIO GERMAN VARGAS CANTILLO (FE Y ALEGRIA),PERCUSION,miercoles,02:00-06:00
METROPOLITANA,CARRIZAL,AEIOTU EN CASA,DANZA FOLCLORICA,miercoles,08:00-12:00
METROPOLITANA,CEVILLAR,I.E.D SIMON BOLIVAR,INICIACION MUSICAL,sabado,08:00-12:00
SUROCCIDENTE,LA MANGA,I.E.D DENIS HERRERA DE VILLA,DIBUJO,sabado,08:00-12:00
SURORIENTE,LA MAGDALENA,I.E.D LA MAGDALENA,DANZA FOLCLORICA,sabado,08:00-12:00
SURORIENTE,CENTRO,"FUNDACION PARA LA INVESTIGACION Y EL DESARROLLO DE LA EDUCACION ESPECIAL ""FIDES""",DANZA FOLCLORICA,martes,02:00-06:00
METROPOLITANA,CEVILLAR,I.E.D SIMON BOLIVAR,SEMILLAS Y FRUTOS,sabado,08:00-12:00
SURORIENTE,LAS NIEVES,COLEGIO TECNICO DIVERSIFICADO DE BARRANQUILLA,LITERATURA,miercoles,02:00-06:00
METROPOLITANA,LA SIERRITA,I.E.D JESUS DE NAZARETH SEDE 1,INICIACION MUSICAL,sabado,02:00-06:00
SURORIENTE,PASADENA,SEDE NUEVO AMANECER,BISUTERÍA Y ACCESORIOS,viernes,08:00-12:00
SURORIENTE,SAN ROQUE,I.E.D LA PRESENTACION,TEATRO,sabado,08:00-12:00
SURORIENTE,REBOLO,FUNDACION SENDEROS DE SABIDURIA,TEJIDO,martes,02:00-06:00
METROPOLITANA,LA VICTORIA,HOGAR INFANTIL LA VICTORIA,RECICLAJE Y MANUALIDADES,jueves,02:00-06:00
SURORIENTE,UNIVERSAL,ASILO HOGAR GRANJA SAN JOSE,BISUTERÍA Y ACCESORIOS,jueves,08:00-12:00
SUROCCIDENTE,NUEVA COLOMBIA,I.E.D PAULINO SALGADO BATATA,CONFECCION ARTESANAL,miercoles,02:00-06:00
SURORIENTE,LA MAGDALENA,I.E.D LA MAGDALENA,INSTRUMENTOS DE VIENTO,sabado,08:00-12:00
METROPOLITANA,GARDENIAS,BIBLIOTECA GARDENIAS,DANZA URBANA,viernes,02:00-06:00
SUROCCIDENTE,ALFONSO LOPEZ,I.E.D KARL PARRISH,Maquillaje artistico,jueves,02:00-06:00
N.C.H.,CHIQUINQUIRA,CDI CHIQUINQUIRA FAMILIAR MAI,PERCUSION,miercoles,08:00-12:00
SURORIENTE,CENTRO,"FUNDACION PARA LA INVESTIGACION Y EL DESARROLLO DE LA EDUCACION ESPECIAL ""FIDES""",PERCUSION,miercoles,02:00-06:00
SURORIENTE,SIMON BOLIVAR,I.E.D JORGE ISAACS,INICIACION MUSICAL,viernes,02:00-06:00
N.C.H.,CHIQUINQUIRA,CENTRO DE REHABILITACION FEMENINA EL BUEN PASTOR,RECICLAJE Y MANUALIDADES,martes,08:00-12:00
SUROCCIDENTE,PUMAREJO (BUENA ESPERANZA),I.E.D JAVIER SANCHEZ,BISUTERÍA Y ACCESORIOS,sabado,02:00-06:00
SURORIENTE,LOS TRUPILLOS,I.E.D LAS NIEVES (PRIMARIA),INSTRUMENTOS DE VIENTO,domingo,08:00-12:00
METROPOLITANA,7 DE ABRIL,HOGAR INFANTIL SAN PEDRO CLAVER (FE Y ALEGRIA),DANZA FOLCLORICA,viernes,08:00-12:00
METROPOLITANA,SANTUARIO,CASA DE LA JUVENTUD SANTUARIO,DANZA FOLCLORICA,viernes,02:00-06:00
SURORIENTE,LAS PALMAS,I.E.D RODOLFO LLINAS RIASCOS,TEATRO,sabado,02:00-06:00
SUROCCIDENTE,CARLOS MEISEL,I.E.D CARLOS MEISEL,MADERA,viernes,02:00-06:00
METROPOLITANA,CIUDADELA 20 DE JULIO,I.E.D CCEBM 187,INSTRUMENTOS DE VIENTO,miercoles,02:00-06:00
RIOMAR,VILLAS DE SAN PABLO,I.E.D VILLAS DE SAN PABLO,PINTURA,miercoles,02:00-06:00
N.C.H.,BARLOVENTO,I.E.D BRISAS DEL RIO,PERCUSION,martes,02:00-06:00
SUROCCIDENTE,SAN FELIPE,I.E.D HILDA MUÑOZ,ACORDEON,sabado,08:00-12:00
SURORIENTE,REBOLO,CENTRO SOCIAL  DON BOSCO,DANZA MODERNA,sabado,08:00-12:00
N.C.H.,PRADO,FUNDACION NACE UNA ESTRELLA,DIBUJO,jueves,02:00-06:00
METROPOLITANA,CIUDADELA 20 DE JULIO,I.E.D CCEBM 187,PINTURA,sabado,02:00-06:00
SUROCCIDENTE,EL BOSQUE,I.E.D LESTONNAC,LITERATURA,sabado,08:00-12:00
SUROCCIDENTE,NUEVA COLOMBIA,I.E.D PAULINO SALGADO BATATA,DANZA FOLCLORICA,domingo,08:00-12:00
N.C.H.,MODELO,CARCEL MODELO DE BARRANQUILLA,GUITARRA,miercoles,02:00-06:00
N.C.H.,EL ROSARIO,I.E.D INSTECO (INSTITUTO TECNICO DEL COMERCIO),PINTURA,sabado,08:00-12:00
SURORIENTE,LAS PALMAS,I.E.D PARA EL DESARROLLO HUMANO MARIA CANO,PERCUSION,jueves,08:00-12:00
METROPOLITANA,LA VICTORIA,I.E.D LA VICTORIA,DANZA FOLCLORICA,sabado,02:00-06:00
RIOMAR,LAS FLORES,COLEGIO LIBERTADOR SIMON BOLIVAR (FE Y ALEGRIA),DANZA MODERNA,miercoles,02:00-06:00
SUROCCIDENTE,EL BOSQUE,I.E.D NUEVO BOSQUE,PERCUSION,martes,02:00-06:00
N.C.H.,MONTECRISTO,I.E.D INSTITUTO TECNICO NACIONAL DE COMERCIO (INSTENALCO),GUITARRA,sabado,02:00-06:00
SUROCCIDENTE,LOS ANDES,I.E.D INOCENCIO CHINCA INEDICH,DIBUJO,sabado,08:00-12:00
SUROCCIDENTE,SILENCIO,I.E.D EL SILENCIO,PINTURA,sabado,08:00-12:00
SURORIENTE,LA MAGDALENA,I.E.D LA MAGDALENA,INICIACION MUSICAL,miercoles,08:00-12:00
RIOMAR,LAS FLORES,C.D.C LAS FLORES,TEJIDO,viernes,02:00-06:00
SURORIENTE,ALBORAYA 2,I.E.D CASTILLO DE LA ALBORAYA,Maquillaje artistico,sabado,02:00-06:00
METROPOLITANA,VILLA  SAN PEDRO 2,I.E.D COSTA CARIBE,DANZA FOLCLORICA,sabado,08:00-12:00
SUROCCIDENTE,PUMAREJO (BUENA ESPERANZA),I.E.D JAVIER SANCHEZ,INICIACION MUSICAL,miercoles,02:00-06:00
SURORIENTE,SAN ROQUE,I.E.D LA PRESENTACION,PINTURA,viernes,02:00-06:00
SURORIENTE,LA UNION,CENTRO DE ATENCION SUPERAR,PINTURA,lunes,02:00-06:00
N.C.H.,MONTECRISTO,I.E.D INSTITUTO TECNICO NACIONAL DE COMERCIO (INSTENALCO),PINTURA,sabado,02:00-06:00
METROPOLITANA,SANTO DOMINGO,I.E.D SANTO DOMINGO DE GUZMAN,INICIACION MUSICAL,sabado,08:00-12:00
N.C.H.,BELLAVISTA,I.E.D PESTALOZZI,BISUTERÍA Y ACCESORIOS,jueves,02:00-06:00
METROPOLITANA,CIUDADELA 20 DE JULIO,I.E.D PABLO NERUDA,PERCUSION,sabado,02:00-06:00
RIOMAR,LA PLAYA,I.E.D EL CAÑAHUATE SEDE 1,INICIACION MUSICAL,sabado,02:00-06:00
METROPOLITANA,SANTO DOMINGO,I.E.D SANTO DOMINGO DE GUZMAN,PERCUSION,sabado,08:00-12:00
SUROCCIDENTE,LOS PINOS,I.E.D SALVADOR SUAREZ SUAREZ,DIBUJO,sabado,02:00-06:00
N.C.H.,BELLAVISTA,I.E.D PESTALOZZI,Maquillaje artistico,viernes,02:00-06:00
N.C.H.,CHIQUINQUIRA,CENTRO DE REHABILITACION FEMENINA EL BUEN PASTOR,PERCUSION,viernes,02:00-06:00
METROPOLITANA,7 DE ABRIL,HOGAR INFANTIL SAN PEDRO CLAVER (FE Y ALEGRIA),PINTURA,martes,08:00-12:00
N.C.H.,RECREO,CLUB DE LEONES DE BARRANQUILLA MONARCA,DANZA MODERNA,viernes,08:00-12:00
N.C.H.,BELLAVISTA,I.E.D PESTALOZZI,PERCUSION,sabado,08:00-12:00
METROPOLITANA,ALBORAYA,CDI ALBORAYA FUNDANGELITOS,DANZA FOLCLORICA,lunes,08:00-12:00
N.C.H.,VILLANUEVA,I.E.D VILLANUEVA,PERCUSION,sabado,08:00-12:00
SUROCCIDENTE,CARLOS MEISEL,I.E.D CARLOS MEISEL,DANZA FOLCLORICA,viernes,02:00-06:00
SURORIENTE,LA MAGDALENA,I.E.D LA MAGDALENA,RECICLAJE Y MANUALIDADES,sabado,08:00-12:00
SURORIENTE,LAS PALMAS,I.E.D RODOLFO LLINAS RIASCOS,INICIACION MUSICAL,sabado,08:00-12:00
SURORIENTE,LAS NIEVES,I.E.D NUESTRA SEÑORA DE LAS NIEVES,DANZA FOLCLORICA,lunes,02:00-06:00
RIOMAR,LA PLAYA,HOGAR INFANTIL LA PLAYA,PINTURA,miercoles,08:00-12:00
METROPOLITANA,CIUDADELA 20 DE JULIO,I.E.D CCEBM 187,DANZA URBANA,viernes,02:00-06:00
SUROCCIDENTE,EL BOSQUE,C.D.C EL BOSQUE,PINTURA,miercoles,02:00-06:00
SURORIENTE,LAS NIEVES,I.E.D NUESTRA SEÑORA DE LAS NIEVES,BISUTERÍA Y ACCESORIOS,lunes,08:00-12:00
SURORIENTE,ALBORAYA 2,I.E.D CASTILLO DE LA ALBORAYA,INSTRUMENTOS DE VIENTO,sabado,02:00-06:00
N.C.H.,BELLAVISTA,I.E.D PESTALOZZI,TEATRO,martes,08:00-12:00
SURORIENTE,UNIVERSAL,CENTRO DE EDUCACION BASICA Y MEDIA N. 132,INICIACION MUSICAL,jueves,08:00-12:00
SURORIENTE,SAN JOSE,I.E.D SAN JOSE,DANZA FOLCLORICA,viernes,02:00-06:00
SUROCCIDENTE,LA PRADERA,I.E.D BETZABE ESPINOSA,DANZA FOLCLORICA,sabado,02:00-06:00
SUROCCIDENTE,LA MANGA,BIBLIOTECA POPULAR LA MANGA,LITERATURA,miercoles,02:00-06:00
SURORIENTE,LAS PALMAS,I.E.D PARA EL DESARROLLO HUMANO MARIA CANO,BISUTERÍA Y ACCESORIOS,jueves,08:00-12:00
SURORIENTE,LAS PALMAS,I.E.D MARCO FIDEL SUAREZ,INICIACION MUSICAL,viernes,02:00-06:00
METROPOLITANA,VILLA  SAN PEDRO 2,I.E.D COSTA CARIBE,RECICLAJE Y MANUALIDADES,sabado,08:00-12:00
RIOMAR,LAS FLORES,C.D.C LAS FLORES,RECICLAJE Y MANUALIDADES,sabado,02:00-06:00
SUROCCIDENTE,EL BOSQUE,I.E.D NUEVO BOSQUE,DANZA URBANA,sabado,08:00-12:00
METROPOLITANA,CARRIZAL,I.E.D DE CARRIZAL,TEATRO,sabado,02:00-06:00
RIOMAR,LAS FLORES,I.E.D LAS FLORES,DANZA MODERNA,jueves,02:00-06:00
SUROCCIDENTE,LA MANGA,BIBLIOTECA POPULAR LA MANGA,GUITARRA,viernes,02:00-06:00
N.C.H.,VILLANUEVA,I.E.D VILLANUEVA,DANZA FOLCLORICA,sabado,08:00-12:00
SUROCCIDENTE,ALFONSO LOPEZ,I.E.D KARL PARRISH,INICIACION MUSICAL,jueves,02:00-06:00
METROPOLITANA,CIUDADELA 20 DE JULIO,I.E.D CIUDADELA  20 DE JULIO,INICIACION MUSICAL,miercoles,02:00-06:00
SURORIENTE,LAS PALMAS,I.E.D RODOLFO LLINAS RIASCOS,DANZA FOLCLORICA,sabado,08:00-12:00
SURORIENTE,LA MAGDALENA,I.E.D LA MAGDALENA,PERCUSION,sabado,08:00-12:00
SUROCCIDENTE,LIPAYA,I.E.D JOSE MARIA VELAZ,DANZA FOLCLORICA,jueves,02:00-06:00
SURORIENTE,SIMON BOLIVAR,I.E.D JORGE ISAACS,PERCUSION,viernes,02:00-06:00
METROPOLITANA,SANTUARIO,CASA DE LA JUVENTUD SANTUARIO,BISUTERÍA Y ACCESORIOS,sabado,08:00-12:00
SURORIENTE,LAS NIEVES,COLEGIO TECNICO DIVERSIFICADO DE BARRANQUILLA,DANZA FOLCLORICA,sabado,08:00-12:00
SUROCCIDENTE,EL BOSQUE,I.E.D LESTONNAC,PERCUSION,sabado,08:00-12:00
N.C.H.,BOSTON,I.E.D CODEBA,TEJIDO,sabado,08:00-12:00
RIOMAR,SAN SALVADOR,I.E.D INEDISSA (SEDE A),PERCUSION,viernes,02:00-06:00
SUROCCIDENTE,LA PAZ,CASA LUDICA LA PAZ,PERCUSION,viernes,02:00-06:00
SUROCCIDENTE,VILLA SAN PEDRO,I.E.D ALBERTO ASSA (BACHILLERATO),DANZA FOLCLORICA,martes,08:00-12:00
SUROCCIDENTE,LAS MALVINAS,I.E.D MUNDO BOLIVARIANO,DANZA FOLCLORICA,sabado,02:00-06:00
METROPOLITANA,LAS AMERICAS,I.E.D DESPERTAR DEL SUR,RECICLAJE Y MANUALIDADES,sabado,08:00-12:00
SUROCCIDENTE,CARIBE VERDE,CASA HOGAR VICTOR TAMAYO,DANZA FOLCLORICA,miercoles,08:00-12:00
METROPOLITANA,LA SIERRITA,I.E.D JESUS DE NAZARETH SEDE 2,INSTRUMENTOS DE VIENTO,jueves,02:00-06:00
SUROCCIDENTE,VILLA SAN PEDRO,I.E.D ALBERTO ASSA (BACHILLERATO),INSTRUMENTOS DE VIENTO,sabado,02:00-06:00
N.C.H.,SANTA ANA,I.E.D DEL DESARROLLO HUMANO Y CULTURAL DEL CARIBE,Maquillaje artistico,jueves,02:00-06:00
N.C.H.,BARLOVENTO,I.E.D BRISAS DEL RIO,BISUTERÍA Y ACCESORIOS,martes,02:00-06:00
RIOMAR,PINAR DEL RIO,I.E.D PINAR DEL RIO (FE Y ALEGRIA),PERCUSION,sabado,02:00-06:00
METROPOLITANA,LAS AMERICAS,I.E.D GOLDA MEIR,CONFECCION ARTESANAL,jueves,02:00-06:00
SURORIENTE,LOS LAURELES,I.E.D LOS LAURELES,DANZA FOLCLORICA,sabado,08:00-12:00
SURORIENTE,BOYACA,I.E.D SAN GABRIEL,INICIACION MUSICAL,jueves,02:00-06:00
METROPOLITANA,CAYENAS,MEGACOLEGIO GERMAN VARGAS CANTILLO (FE Y ALEGRIA),CONFECCION ARTESANAL,miercoles,02:00-06:00
RIOMAR,SAN SALVADOR,I.E.D INEDISSA (SEDE A),INICIACION MUSICAL,martes,02:00-06:00
SUROCCIDENTE,LA LIBERTAD,I.E.D LA LIBERTAD,DANZA URBANA,sabado,02:00-06:00
SURORIENTE,SAN ROQUE,CDI SAN ROQUE,PINTURA,lunes,08:00-12:00
SUROCCIDENTE,EL CARMEN,I.E.D SOFIA CAMARGO DE LLERAS,ENSAMBLES,miercoles,02:00-06:00
SUROCCIDENTE,SILENCIO,I.E.D EL SILENCIO,PERCUSION,sabado,08:00-12:00
SURORIENTE,LAS PALMAS,I.E.D MARCO FIDEL SUAREZ,PERCUSION,sabado,08:00-12:00
SURORIENTE,SOLEDAD,EL OASIS,PERCUSION,martes,02:00-06:00
N.C.H.,EL ROSARIO,I.E.D MADRE MARCELINA,PERCUSION,jueves,02:00-06:00
METROPOLITANA,GARDENIAS,MEGACOLEGIO LAS GARDENIAS,GUITARRA,viernes,02:00-06:00
N.C.H.,VILLANUEVA,I.E.D VILLANUEVA,PINTURA,martes,08:00-12:00
SUROCCIDENTE,LOS PINOS,I.E.D PARA EL DESARROLLO DEL TALENTO HUMANO,DANZA FOLCLORICA,viernes,02:00-06:00
SURORIENTE,LOS LAURELES,I.E.D LOS LAURELES,GUITARRA,sabado,08:00-12:00
N.C.H.,BARLOVENTO,I.E.D BRISAS DEL RIO,PINTURA,martes,02:00-06:00
RIOMAR,VEREDA LAS NUBES,CENTRO DE EDUCACION BASICA N. 201,DANZA MODERNA,miercoles,08:00-12:00
METROPOLITANA,CEVILLAR,I.E.D SIMON BOLIVAR,GUITARRA,jueves,02:00-06:00
SUROCCIDENTE,LA ESMERALDA,CDI LA ESMERALDA,RECICLAJE Y MANUALIDADES,viernes,08:00-12:00
SURORIENTE,SIMON BOLIVAR,I.E.D LUZ DEL CARIBE,PERCUSION,sabado,02:00-06:00
SUROCCIDENTE,PUMAREJO (BUENA ESPERANZA),I.E.D JAVIER SANCHEZ,LITERATURA,sabado,02:00-06:00
METROPOLITANA,20 DE JULIO,I.E.D JESUS MISERICORDIOSO N. 1,DANZA FOLCLORICA,sabado,02:00-06:00
METROPOLITANA,CARRIZAL,CDI FUNDACION SOCIAL JAIPRIS,PERCUSION,lunes,08:00-12:00
SUROCCIDENTE,CARIBE VERDE,CASA HOGAR VICTOR TAMAYO,INICIACION MUSICAL,viernes,02:00-06:00
RIOMAR,LA PLAYA,INSTITUCION EDUCATIVA CRISTIANA LA ROSA DE SARON,PERCUSION,martes,02:00-06:00
RIOMAR,LA PLAYA,INSTITUCION EDUCATIVA FUNDACION PIES DELCALZOS,PERCUSION,domingo,08:00-12:00
SUROCCIDENTE,EL PUEBLO,I.E.D EL PUEBLO,PINTURA,sabado,02:00-06:00
RIOMAR,LA PLAYA,INSTITUCION EDUCATIVA FUNDACION PIES DELCALZOS,RECICLAJE Y MANUALIDADES,domingo,08:00-12:00
RIOMAR,LAS FLORES,COLEGIO LIBERTADOR SIMON BOLIVAR (FE Y ALEGRIA),PINTURA,miercoles,02:00-06:00
SUROCCIDENTE,SAN FELIPE,I.E.D HILDA MUÑOZ,TEATRO,miercoles,08:00-12:00
METROPOLITANA,SAN LUIS,I.E.D SAN LUIS BACHILLERATO,PINTURA,sabado,08:00-12:00
SUROCCIDENTE,EL PUEBLO,I.E.D EL PUEBLO,RECICLAJE Y MANUALIDADES,sabado,02:00-06:00
SURORIENTE,CAMPITO,I.E.D EL CAMPITO,PINTURA,sabado,02:00-06:00
RIOMAR,LA PLAYA,HOGAR INFANTIL LA PLAYA,DANZA FOLCLORICA,martes,08:00-12:00
SUROCCIDENTE,NUEVA COLOMBIA,I.E.D PAULINO SALGADO BATATA,Maquillaje artistico,miercoles,02:00-06:00
N.C.H.,MONTECRISTO,I.E.D INSTITUTO TECNICO NACIONAL DE COMERCIO (INSTENALCO),BISUTERÍA Y ACCESORIOS,sabado,02:00-06:00
N.C.H.,MONTECRISTO,I.E.D INSTITUTO TECNICO NACIONAL DE COMERCIO (INSTENALCO),BISUTERÍA Y ACCESORIOS,sabado,02:00-06:00
SUROCCIDENTE,POR FIN,I.E.D MANUEL ELKIN PATARROYO,PINTURA,domingo,08:00-12:00
N.C.H.,MODELO,CARCEL MODELO DE BARRANQUILLA,PINTURA,miercoles,02:00-06:00
SUROCCIDENTE,LA MANGA,BIBLIOTECA POPULAR LA MANGA,Maquillaje artistico,miercoles,02:00-06:00
METROPOLITANA,VILLA  SAN PEDRO 2,I.E.D COSTA CARIBE,PINTURA,sabado,08:00-12:00
METROPOLITANA,SANTUARIO,CASA DE LA JUVENTUD SANTUARIO,INICIACION MUSICAL,jueves,02:00-06:00
METROPOLITANA,LAS AMERICAS,I.E.D DESPERTAR DEL SUR,DANZA FOLCLORICA,sabado,08:00-12:00
N.C.H.,VILLANUEVA,I.E.D VILLANUEVA,RECICLAJE Y MANUALIDADES,sabado,08:00-12:00
N.C.H.,CHIQUINQUIRA,I.E.D JOSE EUSEBIO CARO,PERCUSION,sabado,02:00-06:00
RIOMAR,LA PLAYA,FUNALSU LA PLAYA N. 1,DANZA MODERNA,viernes,08:00-12:00
RIOMAR,LAS FLORES,I.E.D LAS FLORES,LITERATURA,viernes,08:00-12:00
SUROCCIDENTE,LA PRADERA,I.E.D BETZABE ESPINOSA,RECICLAJE Y MANUALIDADES,sabado,02:00-06:00
METROPOLITANA,CIUDADELA 20 DE JULIO,I.E.D CCEBM 187,SEMILLAS Y FRUTOS,sabado,02:00-06:00
SUROCCIDENTE,SAN FELIPE,I.E.D HILDA MUÑOZ,DIBUJO,sabado,02:00-06:00
METROPOLITANA,LA VICTORIA,HOGAR INFANTIL LA VICTORIA,GUITARRA,martes,02:00-06:00
SUROCCIDENTE,LA PAZ,BIBLIOTECA LA PAZ,DIBUJO,viernes,02:00-06:00
SUROCCIDENTE,LA PAZ,CASA LUDICA LA PAZ,DIBUJO,viernes,02:00-06:00
N.C.H.,EL ROSARIO,FUNDAVE,DANZA MODERNA,jueves,02:00-06:00
SUROCCIDENTE,CARLOS MEISEL,I.E.D CARLOS MEISEL,PERCUSION,viernes,02:00-06:00
RIOMAR,JUAN MINA,I.E.D JUAN MINA,MADERA,sabado,08:00-12:00
SUROCCIDENTE,EL BOSQUE,I.E.D LESTONNAC,CONFECCION ARTESANAL,sabado,08:00-12:00
N.C.H.,MONTECRISTO,I.E.D INSTITUTO TECNICO NACIONAL DE COMERCIO (INSTENALCO),INICIACION MUSICAL,sabado,02:00-06:00
SUROCCIDENTE,LA PAZ,CASA LUDICA LA PAZ,DANZA MODERNA,martes,02:00-06:00
SUROCCIDENTE,SOURDIS,I.E.D EVARISTO SOURDIS,CONFECCION ARTESANAL,sabado,08:00-12:00
METROPOLITANA,SANTUARIO,CASA DE LA JUVENTUD SANTUARIO,GUITARRA,miercoles,02:00-06:00
RIOMAR,PARAISO,I.E.D EL PARAISO,GUITARRA,sabado,08:00-12:00
SUROCCIDENTE,LA ESMERALDA,CDI LA ESMERALDA,LITERATURA,viernes,08:00-12:00
SURORIENTE,CAMPITO,I.E.D EL CAMPITO,PERCUSION,sabado,02:00-06:00
SUROCCIDENTE,LIPAYA,I.E.D JOSE MARIA VELAZ,PINTURA,jueves,02:00-06:00
N.C.H.,BELLAVISTA,I.E.D PESTALOZZI,DANZA FOLCLORICA,sabado,08:00-12:00
METROPOLITANA,VILLA  SAN PEDRO 2,I.E.D COSTA CARIBE,PERCUSION,sabado,08:00-12:00
N.C.H.,EL ROSARIO,I.E.D INSTECO (INSTITUTO TECNICO DEL COMERCIO),PERCUSION,sabado,08:00-12:00
SUROCCIDENTE,PUMAREJO (BUENA ESPERANZA),I.E.D SALVADOR ENTREGAS,MADERA,miercoles,08:00-12:00
SUROCCIDENTE,LA MANGA,I.E.D DENIS HERRERA DE VILLA,PERCUSION,sabado,08:00-12:00
SUROCCIDENTE,LAS MALVINAS,I.E.D CULTURAL LAS MALVINAS,PERCUSION,jueves,08:00-12:00
SUROCCIDENTE,POR FIN,I.E.D MANUEL ZAPATA OLIVELLA,ENSAMBLES,domingo,08:00-12:00
SURORIENTE,LAS NIEVES,COLEGIO TECNICO DIVERSIFICADO DE BARRANQUILLA,BISUTERÍA Y ACCESORIOS,sabado,02:00-06:00
SUROCCIDENTE,EL CARMEN,I.E.D SOFIA CAMARGO DE LLERAS,Maquillaje artistico,sabado,08:00-12:00
SUROCCIDENTE,CARLOS MEISEL,HOGAR INFANTIL CARLOS MEISEL (FE Y ALEGRIA),MADERA,jueves,08:00-12:00
METROPOLITANA,LAS AMERICAS,I.E.D GOLDA MEIR,GUITARRA,jueves,02:00-06:00
N.C.H.,BOSTON,HOGAR SANTA ELENA,PINTURA,viernes,08:00-12:00
SUROCCIDENTE,LOS ANDES,I.E.D INOCENCIO CHINCA INEDICH,PERCUSION,sabado,08:00-12:00
METROPOLITANA,7 DE ABRIL,COLEGIO MAYOR DE BARRANQUILLA Y DEL CARIBE,CIRCO,sabado,02:00-06:00
SURORIENTE,SAN ROQUE,CDI SAN ROQUE,LITERATURA,lunes,08:00-12:00
SURORIENTE,CAMPITO,I.E.D EL CAMPITO,TEJIDO,sabado,02:00-06:00
N.C.H.,CHIQUINQUIRA,I.E.D JOSE EUSEBIO CARO,BISUTERÍA Y ACCESORIOS,sabado,02:00-06:00
METROPOLITANA,LAS GRANJAS,I.E.D LAS GRANJAS,TEATRO,jueves,02:00-06:00
SURORIENTE,LA MAGDALENA,I.E.D LA MAGDALENA,LITERATURA,miercoles,08:00-12:00
METROPOLITANA,CIUDADELA 20 DE JULIO,I.E.D CIUDADELA  20 DE JULIO,PINTURA,sabado,08:00-12:00
METROPOLITANA,CARRIZAL,AEIOTU EN CASA,LITERATURA,jueves,08:00-12:00
METROPOLITANA,LA SIERRITA,I.E.D JESUS DE NAZARETH SEDE 2,PERCUSION,jueves,02:00-06:00
METROPOLITANA,LAS AMERICAS,I.E.D DESPERTAR DEL SUR,INSTRUMENTOS DE VIENTO,sabado,08:00-12:00
SUROCCIDENTE,LIPAYA,HOGAR INFANTIL LIPAYA (FE Y ALEGRIA),CONFECCION ARTESANAL,viernes,08:00-12:00
N.C.H.,BOSTON,I.E.D CODEBA,BISUTERÍA Y ACCESORIOS,sabado,08:00-12:00
SURORIENTE,BELLARENA,I.E.D OCTAVIO PAZ,DIBUJO,sabado,02:00-06:00
SUROCCIDENTE,EL BOSQUE,I.E.D LESTONNAC,Maquillaje artistico,sabado,08:00-12:00
N.C.H.,MODELO,CARCEL MODELO DE BARRANQUILLA,RECICLAJE Y MANUALIDADES,miercoles,02:00-06:00
N.C.H.,CHIQUINQUIRA,I.E.D JOSE EUSEBIO CARO,TEATRO,sabado,02:00-06:00
RIOMAR,VILLAS DE SAN PABLO,I.E.D VILLAS DE SAN PABLO,MADERA,viernes,02:00-06:00
N.C.H.,EL ROSARIO,FUNDAVE,BISUTERÍA Y ACCESORIOS,miercoles,02:00-06:00
METROPOLITANA,SANTO DOMINGO,I.E.D JOSE CONSUEGRA HIGGINS,GUITARRA,sabado,08:00-12:00
METROPOLITANA,SANTO DOMINGO,I.E.D INMACULADA CONCEPCION,DANZA MODERNA,sabado,02:00-06:00
SURORIENTE,LA CEIBA,I.E.D MEIRA DEL MAR,ENSAMBLES,sabado,02:00-06:00
METROPOLITANA,SANTO DOMINGO,I.E.D JOSE CONSUEGRA HIGGINS,DANZA FOLCLORICA,sabado,08:00-12:00
SURORIENTE,BOYACA,I.E.D SAN GABRIEL,PERCUSION,jueves,02:00-06:00
RIOMAR,VILLAS DE SAN PABLO,I.E.D VILLAS DE SAN PABLO,MADERA,jueves,02:00-06:00
SUROCCIDENTE,POR FIN,I.E.D MANUEL ELKIN PATARROYO,PERCUSION,domingo,08:00-12:00
METROPOLITANA,SAN LUIS,I.E.D SAN LUIS BACHILLERATO,MADERA,sabado,08:00-12:00
METROPOLITANA,7 DE ABRIL,FUNDACION INFANCIA FELIZ,CONFECCION ARTESANAL,viernes,02:00-06:00
SURORIENTE,SAN JOSE,I.E.D SAN JOSE,PERCUSION,viernes,02:00-06:00
METROPOLITANA,SANTO DOMINGO,I.E.D INMACULADA CONCEPCION,LITERATURA,sabado,02:00-06:00
SUROCCIDENTE,POR FIN,I.E.D MANUEL ZAPATA OLIVELLA,MADERA,domingo,08:00-12:00
SUROCCIDENTE,PUMAREJO (BUENA ESPERANZA),I.E.D SALVADOR ENTREGAS,PERCUSION,viernes,02:00-06:00
SURORIENTE,SOLEDAD,EL OASIS,DIBUJO,martes,02:00-06:00
SUROCCIDENTE,SAN JOSE,I.E.D GABRIEL GARCIA MARQUEZ,TEATRO,sabado,08:00-12:00
SUROCCIDENTE,PUMAREJO (BUENA ESPERANZA),I.E.D JAVIER SANCHEZ,TEATRO,jueves,02:00-06:00
SURORIENTE,BELLARENA,I.E.D OCTAVIO PAZ,PERCUSION,sabado,02:00-06:00
SUROCCIDENTE,CARIBE VERDE,CASA HOGAR VICTOR TAMAYO,DIBUJO,martes,02:00-06:00
RIOMAR,JUAN MINA,I.E.D JUAN MINA,PERCUSION,sabado,08:00-12:00
SUROCCIDENTE,VILLA SAN PEDRO,I.E.D ALBERTO ASSA (BACHILLERATO),INICIACION MUSICAL,miercoles,08:00-12:00
SURORIENTE,CENTRO,"FUNDACION PARA LA INVESTIGACION Y EL DESARROLLO DE LA EDUCACION ESPECIAL ""FIDES""",BISUTERÍA Y ACCESORIOS,jueves,02:00-06:00
METROPOLITANA,SANTO DOMINGO,I.E.D SANTO DOMINGO DE GUZMAN,CONFECCION ARTESANAL,sabado,08:00-12:00
SURORIENTE,LOS TRUPILLOS,I.E.D LAS NIEVES (PRIMARIA),DANZA FOLCLORICA,domingo,08:00-12:00
SURORIENTE,SAN JOSE,I.E.D SAN JOSE,Maquillaje artistico,viernes,02:00-06:00
SUROCCIDENTE,VILLA SAN PEDRO,I.E.D ALBERTO ASSA (BACHILLERATO),PINTURA,sabado,02:00-06:00
SURORIENTE,PASADENA,SEDE NUEVO AMANECER,PERCUSION,viernes,08:00-12:00
SURORIENTE,LA MAGDALENA,I.E.D LA MAGDALENA,DIBUJO,sabado,08:00-12:00
RIOMAR,LAS FLORES,COLEGIO LIBERTADOR SIMON BOLIVAR (FE Y ALEGRIA),MADERA,miercoles,02:00-06:00
SURORIENTE,ALBORAYA 2,I.E.D CASTILLO DE LA ALBORAYA,PERCUSION,sabado,08:00-12:00
SURORIENTE,ALBORAYA 2,I.E.D CASTILLO DE LA ALBORAYA,PERCUSION,sabado,08:00-12:00
SURORIENTE,SAN JOSE,I.E.D SAN JOSE,TEJIDO,viernes,02:00-06:00
SUROCCIDENTE,LOS PINOS,I.E.D PARA EL DESARROLLO DEL TALENTO HUMANO,DANZA MODERNA,jueves,02:00-06:00
SURORIENTE,LAS PALMAS,I.E.D MARCO FIDEL SUAREZ,INSTRUMENTOS DE VIENTO,sabado,08:00-12:00
SUROCCIDENTE,EL BOSQUE,I.E.D LESTONNAC,TEATRO,sabado,08:00-12:00
METROPOLITANA,SANTO DOMINGO,I.E.D INMACULADA CONCEPCION,PERCUSION,sabado,02:00-06:00
SUROCCIDENTE,LA MANGA,I.E.D DENIS HERRERA DE VILLA,DANZA FOLCLORICA,sabado,08:00-12:00
SUROCCIDENTE,LIPAYA,HOGAR INFANTIL LIPAYA (FE Y ALEGRIA),DANZA FOLCLORICA,viernes,08:00-12:00
SUROCCIDENTE,LAS MALVINAS,I.E.D CULTURAL LAS MALVINAS,DANZA URBANA,jueves,08:00-12:00
SUROCCIDENTE,ALFONSO LOPEZ,I.E.D KARL PARRISH,DIBUJO,jueves,02:00-06:00
SUROCCIDENTE,LIPAYA,HOGAR INFANTIL LIPAYA (FE Y ALEGRIA),PERCUSION,viernes,08:00-12:00
RIOMAR,PARAISO,I.E.D EL PARAISO,PINTURA,sabado,08:00-12:00
N.C.H.,BELLAVISTA,I.E.D PESTALOZZI,PINTURA,viernes,08:00-12:00
SUROCCIDENTE,LA PAZ,CASA LUDICA LA PAZ,MADERA,martes,02:00-06:00
SURORIENTE,ALBORAYA 2,I.E.D CASTILLO DE LA ALBORAYA,SEMILLAS Y FRUTOS,viernes,02:00-06:00
METROPOLITANA,SAN LUIS,I.E.D SAN LUIS BACHILLERATO,BISUTERÍA Y ACCESORIOS,sabado,08:00-12:00
SURORIENTE,LAS NIEVES,COLEGIO TECNICO DIVERSIFICADO DE BARRANQUILLA,Maquillaje artistico,sabado,02:00-06:00
SURORIENTE,PASADENA,SEDE NUEVO AMANECER,DANZA FOLCLORICA,miercoles,08:00-12:00
N.C.H.,SANTA ANA,I.E.D DEL DESARROLLO HUMANO Y CULTURAL DEL CARIBE,RECICLAJE Y MANUALIDADES,jueves,02:00-06:00
SURORIENTE,SAN JOSE,I.E.D SAN JOSE,TEATRO,viernes,02:00-06:00
N.C.H.,EL ROSARIO,I.E.D CODEBA SEDE UNIVERSIDAD DEL ATLANTICO,DANZA MODERNA,jueves,08:00-12:00
SURORIENTE,LOS TRUPILLOS,I.E.D LAS NIEVES (PRIMARIA),TEJIDO,domingo,08:00-12:00
RIOMAR,LA PLAYA,I.E.D EL CAÑAHUATE SEDE 1,INSTRUMENTOS DE VIENTO,sabado,02:00-06:00
SUROCCIDENTE,PUMAREJO (BUENA ESPERANZA),I.E.D JAVIER SANCHEZ,PERCUSION,sabado,02:00-06:00
SUROCCIDENTE,EL BOSQUE,I.E.D NUEVO BOSQUE,DANZA FOLCLORICA,sabado,08:00-12:00
SURORIENTE,LA CEIBA,I.E.D MEIRA DEL MAR,INICIACION MUSICAL,sabado,02:00-06:00
SUROCCIDENTE,LIPAYA,I.E.D JOSE MARIA VELAZ,PERCUSION,jueves,02:00-06:00
RIOMAR,LA PLAYA,I.E.D SAN VICENTE DE PAUL,PINTURA,sabado,08:00-12:00
SURORIENTE,LAS NIEVES,I.E.D NUESTRA SEÑORA DE LAS NIEVES,INICIACION MUSICAL,jueves,08:00-12:00
METROPOLITANA,7 DE ABRIL,FUNDACION INFANCIA FELIZ,PINTURA,viernes,08:00-12:00
RIOMAR,PARAISO,I.E.D EL PARAISO,TEJIDO,sabado,08:00-12:00
SURORIENTE,LA CEIBA,I.E.D MEIRA DEL MAR,DANZA MODERNA,sabado,02:00-06:00
SUROCCIDENTE,POR FIN,I.E.D MANUEL ZAPATA OLIVELLA,PINTURA,domingo,08:00-12:00
SURORIENTE,LOS LAURELES,I.E.D LOS LAURELES,INICIACION MUSICAL,sabado,08:00-12:00
METROPOLITANA,CEVILLAR,I.E.D SIMON BOLIVAR,RECICLAJE Y MANUALIDADES,viernes,02:00-06:00
N.C.H.,BARLOVENTO,BIBLIOTECA PILOTO PLAZA DE LA ADUANA,LITERATURA,miercoles,02:00-06:00
SURORIENTE,SAN ROQUE,CDI SAN ROQUE,DANZA FOLCLORICA,martes,08:00-12:00
SUROCCIDENTE,SAN JOSE,I.E.D GABRIEL GARCIA MARQUEZ,DANZA URBANA,sabado,08:00-12:00
N.C.H.,EL ROSARIO,I.E.D MADRE MARCELINA,BISUTERÍA Y ACCESORIOS,jueves,02:00-06:00
N.C.H.,EL ROSARIO,FUNDAVE,PERCUSION,miercoles,02:00-06:00
METROPOLITANA,CIUDADELA 20 DE JULIO,I.E.D PABLO NERUDA,ACORDEON,sabado,02:00-06:00
SURORIENTE,REBOLO,I.E.D ALFONSO LOPEZ,TEATRO,martes,02:00-06:00
SURORIENTE,LA CEIBA,I.E.D MEIRA DEL MAR,GUITARRA,martes,02:00-06:00
SURORIENTE,LAS NIEVES,I.E.D NUESTRA SEÑORA DE LAS NIEVES,DANZA FOLCLORICA,sabado,02:00-06:00
SURORIENTE,LA CEIBA,I.E.D MEIRA DEL MAR,CONFECCION ARTESANAL,viernes,02:00-06:00
RIOMAR,VILLAS DE SAN PABLO,CDI VILLAS DE SAN PABLO,GUITARRA,miercoles,08:00-12:00
SURORIENTE,UNIVERSAL,ASILO HOGAR GRANJA SAN JOSE,PINTURA,jueves,08:00-12:00
SUROCCIDENTE,CALIFORNIA,HOGAR INFANTIL LAS MALVINAS (FE Y ALEGRIA),SEMILLAS Y FRUTOS,jueves,08:00-12:00
N.C.H.,BELLAVISTA,I.E.D PESTALOZZI,INICIACION MUSICAL,jueves,02:00-06:00
METROPOLITANA,ALBORAYA,CDI ALBORAYA FUNDANGELITOS,LITERATURA,martes,08:00-12:00
SUROCCIDENTE,EL PUEBLO,I.E.D EL PUEBLO,DANZA FOLCLORICA,sabado,02:00-06:00
SUROCCIDENTE,EL PUEBLO,I.E.D EL PUEBLO,PERCUSION,sabado,02:00-06:00
SURORIENTE,SOLEDAD,EL OASIS,DANZA MODERNA,martes,02:00-06:00
SUROCCIDENTE,LA PAZ,CENTRO EDUCATIVO DE HABILITACION Y REHABILITACION INTEGRAL SAN CAMILO - CE CAMILO,CONFECCION ARTESANAL,jueves,08:00-12:00
N.C.H.,EL ROSARIO,I.E.D CODEBA SEDE UNIVERSIDAD DEL ATLANTICO,GUITARRA,jueves,08:00-12:00
SURORIENTE,LAS PALMAS,I.E.D MARCO FIDEL SUAREZ,DANZA FOLCLORICA,sabado,08:00-12:00
METROPOLITANA,GARDENIAS,MEGACOLEGIO LAS GARDENIAS,TEJIDO,viernes,02:00-06:00
SURORIENTE,LA CEIBA,I.E.D MEIRA DEL MAR,INSTRUMENTOS DE VIENTO,sabado,08:00-12:00
N.C.H.,BARLOVENTO,BIBLIOTECA PILOTO PLAZA DE LA ADUANA,PERCUSION,jueves,02:00-06:00
METROPOLITANA,CIUDADELA 20 DE JULIO,I.E.D CIUDADELA  20 DE JULIO,BISUTERÍA Y ACCESORIOS,sabado,08:00-12:00
SURORIENTE,UNIVERSAL,CENTRO DE EDUCACION BASICA Y MEDIA N. 132,LITERATURA,jueves,08:00-12:00
SUROCCIDENTE,CARIBE VERDE,CASA HOGAR VICTOR TAMAYO,DANZA FOLCLORICA,miercoles,02:00-06:00
RIOMAR,LAS FLORES,C.D.C LAS FLORES,DANZA FOLCLORICA,domingo,08:00-12:00
SUROCCIDENTE,LAS MALVINAS,I.E.D MUNDO BOLIVARIANO,CONFECCION ARTESANAL,sabado,02:00-06:00
SUROCCIDENTE,ALFONSO LOPEZ,I.E.D KARL PARRISH,CONFECCION ARTESANAL,jueves,02:00-06:00
METROPOLITANA,LA SIERRITA,I.E.D JESUS DE NAZARETH SEDE 2,PINTURA,jueves,02:00-06:00
N.C.H.,PRADO,FUNDACION NACE UNA ESTRELLA,DANZA FOLCLORICA,viernes,02:00-06:00
RIOMAR,LA PLAYA,FUNALSU LA PLAYA N. 1,INSTRUMENTOS DE VIENTO,viernes,08:00-12:00
SURORIENTE,REBOLO,CENTRO SOCIAL  DON BOSCO,PERCUSION,sabado,08:00-12:00
METROPOLITANA,CEVILLAR,I.E.D SIMON BOLIVAR,PERCUSION,sabado,08:00-12:00
SUROCCIDENTE,EL BOSQUE,I.E.D LESTONNAC,INICIACION MUSICAL,jueves,08:00-12:00
SUROCCIDENTE,PUMAREJO (BUENA ESPERANZA),I.E.D SALVADOR ENTREGAS,DANZA FOLCLORICA,viernes,02:00-06:00
METROPOLITANA,CAYENAS,MEGACOLEGIO GERMAN VARGAS CANTILLO (FE Y ALEGRIA),Maquillaje artistico,miercoles,02:00-06:00
SURORIENTE,LA LUZ,I.E.D SAN MIGUEL ARCANGEL,MADERA,sabado,08:00-12:00
METROPOLITANA,CAYENAS,MEGACOLEGIO GERMAN VARGAS CANTILLO (FE Y ALEGRIA),BISUTERÍA Y ACCESORIOS,miercoles,02:00-06:00
RIOMAR,LA PLAYA,INSTITUCION EDUCATIVA FUNDACION PIES DELCALZOS,CONFECCION ARTESANAL,domingo,08:00-12:00
SURORIENTE,SIMON BOLIVAR,I.E.D JORGE ISAACS,BISUTERÍA Y ACCESORIOS,sabado,08:00-12:00
N.C.H.,EL ROSARIO,I.E.D MADRE MARCELINA,PINTURA,jueves,02:00-06:00
SUROCCIDENTE,EL BOSQUE,CENTRO PENITENCIARIO EL BOSQUE,MADERA,viernes,08:00-12:00
N.C.H.,CHIQUINQUIRA,I.E.D JOSE EUSEBIO CARO,DANZA MODERNA,sabado,02:00-06:00
METROPOLITANA,LA VICTORIA,I.E.D LA VICTORIA,PERCUSION,sabado,02:00-06:00
METROPOLITANA,CEVILLAR,I.E.D SIMON BOLIVAR,GUITARRA,martes,02:00-06:00
N.C.H.,CHIQUINQUIRA,JARDIN INFANTIL MI PEQUENA FANTASIA,DANZA MODERNA,viernes,08:00-12:00
METROPOLITANA,CIUDADELA 20 DE JULIO,I.E.D PABLO NERUDA,BISUTERÍA Y ACCESORIOS,sabado,02:00-06:00
RIOMAR,LAS FLORES,COLEGIO LIBERTADOR SIMON BOLIVAR (FE Y ALEGRIA),PERCUSION,miercoles,02:00-06:00
SURORIENTE,LA MAGDALENA,I.E.D LA MAGDALENA,DANZA FOLCLORICA,miercoles,08:00-12:00
SUROCCIDENTE,LA PAZ,CASA LUDICA LA PAZ,GUITARRA,martes,02:00-06:00
SUROCCIDENTE,LOS OLIVOS,I.E.D JUAN ACOSTA SOLERA,MADERA,sabado,08:00-12:00
METROPOLITANA,CAYENAS,MEGACOLEGIO GERMAN VARGAS CANTILLO (FE Y ALEGRIA),TEJIDO,miercoles,02:00-06:00
SUROCCIDENTE,LOS PINOS,I.E.D SALVADOR SUAREZ SUAREZ,GUITARRA,sabado,02:00-06:00
N.C.H.,BARLOVENTO,BIBLIOTECA PILOTO PLAZA DE LA ADUANA,TEATRO,martes,02:00-06:00
SUROCCIDENTE,LOS PINOS,I.E.D SALVADOR SUAREZ SUAREZ,INSTRUMENTOS DE VIENTO,sabado,08:00-12:00
METROPOLITANA,GARDENIAS,MEGACOLEGIO LAS GARDENIAS,PINTURA,viernes,02:00-06:00
METROPOLITANA,GARDENIAS,MEGACOLEGIO LAS GARDENIAS,PINTURA,viernes,02:00-06:00
SUROCCIDENTE,EL CARMEN,I.E.D SOFIA CAMARGO DE LLERAS,DANZA MODERNA,sabado,08:00-12:00
METROPOLITANA,CIUDADELA 20 DE JULIO,I.E.D PABLO NERUDA,PINTURA,sabado,02:00-06:00
SUROCCIDENTE,SAN JOSE,I.E.D GABRIEL GARCIA MARQUEZ,DANZA FOLCLORICA,domingo,08:00-12:00
RIOMAR,LA PLAYA,I.E.D EL CAÑAHUATE SEDE 1,RECICLAJE Y MANUALIDADES,sabado,08:00-12:00
SURORIENTE,BOYACA,I.E.D SAN GABRIEL,BISUTERÍA Y ACCESORIOS,jueves,02:00-06:00
SURORIENTE,LA MAGDALENA,I.E.D LA MAGDALENA,GUITARRA,sabado,08:00-12:00
SURORIENTE,SIMON BOLIVAR,I.E.D LUZ DEL CARIBE,DANZA URBANA,sabado,02:00-06:00
SURORIENTE,GALAN,CDI NIÑO JESUS,DANZA FOLCLORICA,martes,08:00-12:00
METROPOLITANA,ALBORAYA,CDI ALBORAYA FUNDANGELITOS,PERCUSION,jueves,08:00-12:00
METROPOLITANA,CIUDADELA 20 DE JULIO,I.E.D PABLO NERUDA,DANZA FOLCLORICA,sabado,02:00-06:00
SUROCCIDENTE,LA PRADERA,I.E.D BETZABE ESPINOSA,INICIACION MUSICAL,sabado,02:00-06:00
SURORIENTE,LAS NIEVES,COLEGIO TECNICO DIVERSIFICADO DE BARRANQUILLA,PERCUSION,sabado,02:00-06:00
METROPOLITANA,GARDENIAS,MEGACOLEGIO LAS GARDENIAS,BISUTERÍA Y ACCESORIOS,viernes,02:00-06:00
SURORIENTE,LAS NIEVES,I.E.D NUESTRA SEÑORA DE LAS NIEVES,PINTURA,sabado,08:00-12:00
METROPOLITANA,SANTA MARIA,I.E.D SANTA MARIA,BISUTERÍA Y ACCESORIOS,sabado,02:00-06:00
METROPOLITANA,LAS AMERICAS,I.E.D DESPERTAR DEL SUR,PINTURA,sabado,08:00-12:00
N.C.H.,EL ROSARIO,I.E.D MADRE MARCELINA,GUITARRA,jueves,02:00-06:00
SURORIENTE,LAS PALMAS,I.E.D RODOLFO LLINAS RIASCOS,GUITARRA,sabado,02:00-06:00
METROPOLITANA,SAN LUIS,I.E.D SAN LUIS BACHILLERATO,PERCUSION,sabado,08:00-12:00
SUROCCIDENTE,EL CARMEN,I.E.D SOFIA CAMARGO DE LLERAS,CONFECCION ARTESANAL,sabado,08:00-12:00
METROPOLITANA,CAYENAS,MEGACOLEGIO GERMAN VARGAS CANTILLO (FE Y ALEGRIA),PINTURA,sabado,08:00-12:00
METROPOLITANA,GARDENIAS,BIBLIOTECA GARDENIAS,DANZA FOLCLORICA,sabado,02:00-06:00
METROPOLITANA,LAS GRANJAS,I.E.D LAS GRANJAS,RECICLAJE Y MANUALIDADES,jueves,02:00-06:00
SURORIENTE,PASADENA,SEDE NUEVO AMANECER,TEJIDO,viernes,08:00-12:00
METROPOLITANA,SANTO DOMINGO,I.E.D SANTO DOMINGO DE GUZMAN,GUITARRA,sabado,08:00-12:00
N.C.H.,CHIQUINQUIRA,I.E.D JOSE EUSEBIO CARO,GUITARRA,miercoles,08:00-12:00
METROPOLITANA,7 DE ABRIL,HOGAR INFANTIL SAN PEDRO CLAVER (FE Y ALEGRIA),TEJIDO,martes,02:00-06:00
SUROCCIDENTE,NUEVA COLOMBIA,I.E.D PAULINO SALGADO BATATA,PERCUSION,domingo,08:00-12:00
RIOMAR,LAS FLORES,I.E.D LAS FLORES,INICIACION MUSICAL,jueves,08:00-12:00
SURORIENTE,ALBORAYA 2,I.E.D CASTILLO DE LA ALBORAYA,PERCUSION,viernes,02:00-06:00
METROPOLITANA,SANTUARIO,CASA DE LA JUVENTUD SANTUARIO,INSTRUMENTOS DE VIENTO,domingo,08:00-12:00
METROPOLITANA,20 DE JULIO,I.E.D JESUS MISERICORDIOSO N. 1,MADERA,sabado,02:00-06:00
RIOMAR,PINAR DEL RIO,I.E.D PINAR DEL RIO (FE Y ALEGRIA),PINTURA,sabado,02:00-06:00
METROPOLITANA,LA SIERRITA,I.E.D JESUS DE NAZARETH SEDE 1,TEJIDO,sabado,02:00-06:00
RIOMAR,LA PLAYA,HOGAR INFANTIL LA PLAYA,PERCUSION,miercoles,08:00-12:00
N.C.H.,MODELO,CARCEL MODELO DE BARRANQUILLA,ACORDEON,miercoles,02:00-06:00
SURORIENTE,BOYACA,I.E.D SAN GABRIEL,DIBUJO,jueves,02:00-06:00
METROPOLITANA,7 DE ABRIL,HOGAR INFANTIL SAN PEDRO CLAVER (FE Y ALEGRIA),MADERA,viernes,02:00-06:00
N.C.H.,MONTECRISTO,I.E.D INSTITUTO TECNICO NACIONAL DE COMERCIO (INSTENALCO),DANZA FOLCLORICA,sabado,02:00-06:00
METROPOLITANA,SANTO DOMINGO,I.E.D INMACULADA CONCEPCION,GUITARRA,sabado,02:00-06:00
METROPOLITANA,GARDENIAS,MEGACOLEGIO LAS GARDENIAS,RECICLAJE Y MANUALIDADES,viernes,02:00-06:00
SUROCCIDENTE,EL BOSQUE,C.D.C EL BOSQUE,DANZA MODERNA,miercoles,02:00-06:00
SUROCCIDENTE,LAS MALVINAS,I.E.D CULTURAL LAS MALVINAS,TEATRO,jueves,08:00-12:00
METROPOLITANA,CIUDADELA 20 DE JULIO,I.E.D PABLO NERUDA,DANZA URBANA,sabado,02:00-06:00
METROPOLITANA,LAS AMERICAS,I.E.D GOLDA MEIR,DIBUJO,viernes,02:00-06:00
N.C.H.,BELLAVISTA,I.E.D PESTALOZZI,GUITARRA,viernes,02:00-06:00
SUROCCIDENTE,PUMAREJO (BUENA ESPERANZA),I.E.D SALVADOR ENTREGAS,DANZA MODERNA,viernes,02:00-06:00
METROPOLITANA,CIUDADELA 20 DE JULIO,I.E.D CIUDADELA  20 DE JULIO,PERCUSION,sabado,08:00-12:00
RIOMAR,JUAN MINA,I.E.D JUAN MINA,INSTRUMENTOS DE VIENTO,sabado,08:00-12:00
SURORIENTE,LOS TRUPILLOS,I.E.D LAS NIEVES (PRIMARIA),PINTURA,domingo,08:00-12:00
METROPOLITANA,CEVILLAR,I.E.D CRUZADA SOCIAL,SEMILLAS Y FRUTOS,viernes,08:00-12:00
SUROCCIDENTE,LAS MALVINAS,I.E.D MUNDO BOLIVARIANO,DANZA URBANA,sabado,02:00-06:00
RIOMAR,LA PLAYA,I.E.D EL CAÑAHUATE SEDE 1,PERCUSION,sabado,02:00-06:00
SUROCCIDENTE,LAS MALVINAS,I.E.D MUNDO BOLIVARIANO,INSTRUMENTOS DE VIENTO,sabado,02:00-06:00
SURORIENTE,LA LUZ,I.E.D SAN MIGUEL ARCANGEL,TEATRO,sabado,08:00-12:00
SUROCCIDENTE,LAS MALVINAS,I.E.D CULTURAL LAS MALVINAS,ESCULTURA,jueves,08:00-12:00
RIOMAR,LA PLAYA,INSTITUCION EDUCATIVA CRISTIANA LA ROSA DE SARON,INSTRUMENTOS DE VIENTO,jueves,02:00-06:00
SUROCCIDENTE,POR FIN,I.E.D MANUEL ZAPATA OLIVELLA,DANZA FOLCLORICA,domingo,08:00-12:00
SURORIENTE,LAS PALMAS,I.E.D MARCO FIDEL SUAREZ,ACORDEON,viernes,02:00-06:00
SURORIENTE,UNIVERSAL,CENTRO DE EDUCACION BASICA Y MEDIA N. 132,DANZA MODERNA,sabado,08:00-12:00
SURORIENTE,LAS PALMAS,I.E.D PARA EL DESARROLLO HUMANO MARIA CANO,DANZA FOLCLORICA,martes,08:00-12:00
SUROCCIDENTE,EL BOSQUE,I.E.D LESTONNAC,GUITARRA,sabado,08:00-12:00
N.C.H.,BARLOVENTO,BIBLIOTECA PILOTO PLAZA DE LA ADUANA,DANZA FOLCLORICA,miercoles,02:00-06:00
SUROCCIDENTE,LA PAZ,BIBLIOTECA LA PAZ,DANZA FOLCLORICA,jueves,02:00-06:00
METROPOLITANA,CIUDADELA 20 DE JULIO,I.E.D CCEBM 187,PERCUSION,sabado,02:00-06:00
SUROCCIDENTE,SILENCIO,I.E.D EL SILENCIO,DANZA FOLCLORICA,sabado,08:00-12:00
N.C.H.,EL ROSARIO,I.E.D INSTECO (INSTITUTO TECNICO DEL COMERCIO),GUITARRA,sabado,08:00-12:00
SURORIENTE,CAMPITO,I.E.D EL CAMPITO,GUITARRA,sabado,02:00-06:00
SURORIENTE,GALAN,CDI NIÑO JESUS,INSTRUMENTOS DE VIENTO,martes,08:00-12:00
SUROCCIDENTE,LA PAZ,CENTRO EDUCATIVO DE HABILITACION Y REHABILITACION INTEGRAL SAN CAMILO - CE CAMILO,PERCUSION,jueves,08:00-12:00
N.C.H.,CHIQUINQUIRA,I.E.D JOSE EUSEBIO CARO,GUITARRA,sabado,02:00-06:00
SURORIENTE,ALBORAYA 2,I.E.D CASTILLO DE LA ALBORAYA,DANZA FOLCLORICA,viernes,02:00-06:00
METROPOLITANA,SANTO DOMINGO,I.E.D JOSE CONSUEGRA HIGGINS,ESCULTURA,sabado,08:00-12:00
RIOMAR,JUAN MINA,I.E.D JUAN MINA,ACORDEON,miercoles,02:00-06:00
METROPOLITANA,CIUDADELA 20 DE JULIO,I.E.D CIUDADELA  20 DE JULIO,LITERATURA,sabado,08:00-12:00
METROPOLITANA,7 DE ABRIL,COLEGIO MAYOR DE BARRANQUILLA Y DEL CARIBE,GUITARRA,sabado,02:00-06:00
SUROCCIDENTE,LOS PINOS,I.E.D PARA EL DESARROLLO DEL TALENTO HUMANO,PERCUSION,jueves,02:00-06:00
METROPOLITANA,20 DE JULIO,I.E.D JESUS MISERICORDIOSO N. 1,ESCULTURA,sabado,02:00-06:00
METROPOLITANA,CEVILLAR,I.E.D CRUZADA SOCIAL,PERCUSION,viernes,08:00-12:00
SURORIENTE,LA MAGDALENA,I.E.D LA MAGDALENA,Maquillaje artistico,sabado,08:00-12:00
SURORIENTE,SIMON BOLIVAR,I.E.D LUZ DEL CARIBE,DIBUJO,viernes,02:00-06:00
METROPOLITANA,7 DE ABRIL,HOGAR INFANTIL SAN PEDRO CLAVER (FE Y ALEGRIA),GUITARRA,martes,08:00-12:00
N.C.H.,BOSTON,I.E.D CODEBA,INICIACION MUSICAL,sabado,08:00-12:00
SUROCCIDENTE,LAS MALVINAS,I.E.D CULTURAL LAS MALVINAS,GUITARRA,jueves,08:00-12:00
SUROCCIDENTE,EL BOSQUE,I.E.D LESTONNAC,DANZA MODERNA,sabado,08:00-12:00
SURORIENTE,SAN ROQUE,I.E.D LA PRESENTACION,PERCUSION,sabado,08:00-12:00
N.C.H.,CHIQUINQUIRA,JARDIN INFANTIL MI PEQUENA FANTASIA,PINTURA,martes,08:00-12:00
SURORIENTE,LA CEIBA,I.E.D MEIRA DEL MAR,PERCUSION,sabado,02:00-06:00
SURORIENTE,LA CEIBA,I.E.D MEIRA DEL MAR,PERCUSION,sabado,02:00-06:00
SURORIENTE,LA CEIBA,I.E.D MEIRA DEL MAR,PERCUSION,sabado,02:00-06:00
SURORIENTE,SIMON BOLIVAR,I.E.D JORGE ISAACS,GUITARRA,sabado,08:00-12:00
METROPOLITANA,SANTO DOMINGO,I.E.D INMACULADA CONCEPCION,MADERA,sabado,02:00-06:00
SURORIENTE,LOS LAURELES,I.E.D LOS LAURELES,DIBUJO,sabado,08:00-12:00
SUROCCIDENTE,PUMAREJO (BUENA ESPERANZA),I.E.D SALVADOR ENTREGAS,MADERA,martes,08:00-12:00
RIOMAR,LA PLAYA,INSTITUCION EDUCATIVA FUNDACION PIES DELCALZOS,PINTURA,domingo,08:00-12:00
N.C.H.,CHIQUINQUIRA,JARDIN INFANTIL MI PEQUENA FANTASIA,BISUTERÍA Y ACCESORIOS,jueves,08:00-12:00
SUROCCIDENTE,ALFONSO LOPEZ,I.E.D KARL PARRISH,GUITARRA,jueves,02:00-06:00
N.C.H.,CHIQUINQUIRA,CDI CHIQUINQUIRA FAMILIAR MAI,LITERATURA,martes,02:00-06:00
SUROCCIDENTE,LA PAZ,CASA LUDICA LA PAZ,INSTRUMENTOS DE VIENTO,martes,02:00-06:00
SURORIENTE,LAS PALMAS,I.E.D RODOLFO LLINAS RIASCOS,CONFECCION ARTESANAL,sabado,02:00-06:00
METROPOLITANA,LA SIERRITA,I.E.D JESUS DE NAZARETH SEDE 1,PERCUSION,sabado,02:00-06:00
METROPOLITANA,CAYENAS,MEGACOLEGIO GERMAN VARGAS CANTILLO (FE Y ALEGRIA),PERCUSION,jueves,08:00-12:00
METROPOLITANA,LAS GRANJAS,I.E.D LAS GRANJAS,GUITARRA,jueves,02:00-06:00
SURORIENTE,REBOLO,I.E.D ALFONSO LOPEZ,PERCUSION,martes,02:00-06:00
RIOMAR,VILLAS DE SAN PABLO,I.E.D VILLAS DE SAN PABLO,TEATRO,miercoles,02:00-06:00
METROPOLITANA,SANTUARIO,CASA DE LA JUVENTUD SANTUARIO,PINTURA,sabado,02:00-06:00
METROPOLITANA,CEVILLAR,I.E.D SIMON BOLIVAR,DANZA MODERNA,sabado,02:00-06:00
SURORIENTE,LA LUZ,I.E.D SAN MIGUEL ARCANGEL,PERCUSION,sabado,08:00-12:00
METROPOLITANA,SANTO DOMINGO,I.E.D JOSE CONSUEGRA HIGGINS,MADERA,sabado,08:00-12:00
METROPOLITANA,SANTO DOMINGO,I.E.D SANTO DOMINGO DE GUZMAN,DANZA MODERNA,sabado,08:00-12:00
SUROCCIDENTE,LIPAYA,I.E.D JOSE MARIA VELAZ,DANZA URBANA,jueves,02:00-06:00
SURORIENTE,REBOLO,FUNDACION SENDEROS DE SABIDURIA,SEMILLAS Y FRUTOS,jueves,02:00-06:00
SURORIENTE,EL FERRY,CDI LA MILAGROSA FERRY,DANZA FOLCLORICA,miercoles,08:00-12:00
N.C.H.,BELLAVISTA,I.E.D PESTALOZZI,GUITARRA,miercoles,02:00-06:00
SURORIENTE,REBOLO,CENTRO SOCIAL  DON BOSCO,DANZA URBANA,sabado,08:00-12:00
SURORIENTE,LAS NIEVES,I.E.D NUESTRA SEÑORA DE LAS NIEVES,INSTRUMENTOS DE VIENTO,sabado,08:00-12:00
SURORIENTE,LAS NIEVES,I.E.D NUESTRA SEÑORA DE LAS NIEVES,SEMILLAS Y FRUTOS,sabado,08:00-12:00
SUROCCIDENTE,SAN JOSE,I.E.D GABRIEL GARCIA MARQUEZ,PINTURA,domingo,08:00-12:00
N.C.H.,BARLOVENTO,BIBLIOTECA PILOTO PLAZA DE LA ADUANA,PINTURA,jueves,02:00-06:00
SURORIENTE,SAN ROQUE,I.E.D LA PRESENTACION,CONFECCION ARTESANAL,sabado,08:00-12:00
METROPOLITANA,20 DE JULIO,I.E.D JESUS MISERICORDIOSO N. 1,TEATRO,sabado,02:00-06:00
SUROCCIDENTE,CARLOS MEISEL,CDI CARLOS MEISEL,CONFECCION ARTESANAL,jueves,08:00-12:00
SURORIENTE,SIMON BOLIVAR,I.E.D JORGE ISAACS,DANZA FOLCLORICA,sabado,08:00-12:00
SURORIENTE,BELLARENA,I.E.D OCTAVIO PAZ,DANZA FOLCLORICA,sabado,02:00-06:00
SURORIENTE,REBOLO,I.E.D ALFONSO LOPEZ,LITERATURA,lunes,02:00-06:00
SURORIENTE,LOS TRUPILLOS,I.E.D LAS NIEVES (PRIMARIA),GUITARRA,domingo,08:00-12:00
RIOMAR,LA PLAYA,INSTITUCION EDUCATIVA FUNDACION PIES DELCALZOS,DANZA MODERNA,domingo,08:00-12:00
METROPOLITANA,CIUDADELA 20 DE JULIO,I.E.D PABLO NERUDA,INICIACION MUSICAL,sabado,02:00-06:00
SURORIENTE,LOS LAURELES,I.E.D LOS LAURELES,TEJIDO,sabado,08:00-12:00
SUROCCIDENTE,SILENCIO,I.E.D EL SILENCIO,RECICLAJE Y MANUALIDADES,sabado,08:00-12:00
SUROCCIDENTE,VILLA SAN PEDRO,I.E.D ALBERTO ASSA (BACHILLERATO),MADERA,sabado,02:00-06:00
N.C.H.,RECREO,CLUB DE LEONES DE BARRANQUILLA MONARCA,PINTURA,viernes,08:00-12:00
METROPOLITANA,GARDENIAS,BIBLIOTECA GARDENIAS,PINTURA,viernes,02:00-06:00
SURORIENTE,LA UNION,CENTRO DE ATENCION SUPERAR,RECICLAJE Y MANUALIDADES,jueves,08:00-12:00
N.C.H.,BELLAVISTA,I.E.D PESTALOZZI,LITERATURA,jueves,08:00-12:00
RIOMAR,LAS FLORES,I.E.D LAS FLORES,PINTURA,martes,02:00-06:00
RIOMAR,SAN SALVADOR,I.E.D INEDISSA (SEDE A),BISUTERÍA Y ACCESORIOS,sabado,08:00-12:00
METROPOLITANA,SAN LUIS,I.E.D SAN LUIS BACHILLERATO,DANZA FOLCLORICA,sabado,08:00-12:00
METROPOLITANA,SAN LUIS,I.E.D SAN LUIS BACHILLERATO,DANZA FOLCLORICA,sabado,08:00-12:00
N.C.H.,MODELO,CARCEL MODELO DE BARRANQUILLA,PERCUSION,miercoles,02:00-06:00
METROPOLITANA,SANTO DOMINGO,I.E.D JOSE CONSUEGRA HIGGINS,TEATRO,sabado,08:00-12:00
SUROCCIDENTE,SAN JOSE,I.E.D GABRIEL GARCIA MARQUEZ,PERCUSION,domingo,08:00-12:00
METROPOLITANA,CEVILLAR,I.E.D CRUZADA SOCIAL,DANZA FOLCLORICA,jueves,08:00-12:00
RIOMAR,LA PLAYA,INSTITUCION EDUCATIVA CRISTIANA LA ROSA DE SARON,BISUTERÍA Y ACCESORIOS,sabado,08:00-12:00
SUROCCIDENTE,ALFONSO LOPEZ,I.E.D KARL PARRISH,PERCUSION,sabado,02:00-06:00
RIOMAR,LAS FLORES,INSTITUTO LAS FLORES,PERCUSION,miercoles,02:00-06:00
SURORIENTE,LAS NIEVES,COLEGIO TECNICO DIVERSIFICADO DE BARRANQUILLA,DIBUJO,sabado,02:00-06:00
SURORIENTE,LAS NIEVES,COLEGIO TECNICO DIVERSIFICADO DE BARRANQUILLA,DIBUJO,sabado,02:00-06:00
SUROCCIDENTE,CARLOS MEISEL,HOGAR INFANTIL CARLOS MEISEL (FE Y ALEGRIA),TEATRO,jueves,08:00-12:00
SUROCCIDENTE,POR FIN,I.E.D MANUEL ELKIN PATARROYO,DANZA URBANA,domingo,08:00-12:00
SUROCCIDENTE,PUMAREJO (BUENA ESPERANZA),I.E.D JAVIER SANCHEZ,PINTURA,sabado,02:00-06:00
METROPOLITANA,CIUDADELA 20 DE JULIO,I.E.D CCEBM 187,DANZA FOLCLORICA,sabado,02:00-06:00
RIOMAR,LA PLAYA,INSTITUCION EDUCATIVA CRISTIANA LA ROSA DE SARON,LITERATURA,martes,02:00-06:00
SURORIENTE,UNIVERSAL,CENTRO DE EDUCACION BASICA Y MEDIA N. 132,DANZA FOLCLORICA,sabado,08:00-12:00
SUROCCIDENTE,LOS OLIVOS,I.E.D JUAN ACOSTA SOLERA,PERCUSION,sabado,08:00-12:00
N.C.H.,BOSTON,HOGAR SANTA ELENA,CONFECCION ARTESANAL,martes,08:00-12:00
SUROCCIDENTE,SOURDIS,I.E.D EVARISTO SOURDIS,INICIACION MUSICAL,sabado,08:00-12:00
METROPOLITANA,LA VICTORIA,I.E.D LA VICTORIA,GUITARRA,sabado,02:00-06:00
RIOMAR,LA PLAYA,INSTITUCION EDUCATIVA CRISTIANA LA ROSA DE SARON,GUITARRA,martes,02:00-06:00
RIOMAR,SAN SALVADOR,I.E.D INEDISSA (SEDE A),Maquillaje artistico,viernes,02:00-06:00
SUROCCIDENTE,LAS MALVINAS,I.E.D CULTURAL LAS MALVINAS,RECICLAJE Y MANUALIDADES,jueves,08:00-12:00
SURORIENTE,LAS PALMAS,I.E.D PARA EL DESARROLLO HUMANO MARIA CANO,GUITARRA,jueves,08:00-12:00
METROPOLITANA,7 DE ABRIL,FUNDACION INFANCIA FELIZ,DANZA FOLCLORICA,viernes,08:00-12:00
SURORIENTE,UNIVERSAL,ASILO HOGAR GRANJA SAN JOSE,INSTRUMENTOS DE VIENTO,viernes,08:00-12:00
METROPOLITANA,7 DE ABRIL,HOGAR INFANTIL SAN PEDRO CLAVER (FE Y ALEGRIA),PERCUSION,martes,08:00-12:00
METROPOLITANA,SANTUARIO,CASA DE LA JUVENTUD SANTUARIO,TEATRO,lunes,02:00-06:00
METROPOLITANA,CARRIZAL,I.E.D DE CARRIZAL,PERCUSION,sabado,02:00-06:00
SUROCCIDENTE,POR FIN,I.E.D MANUEL ELKIN PATARROYO,DANZA FOLCLORICA,domingo,08:00-12:00
METROPOLITANA,SANTA MARIA,I.E.D SANTA MARIA,PINTURA,sabado,02:00-06:00
SUROCCIDENTE,PUMAREJO (BUENA ESPERANZA),I.E.D SALVADOR ENTREGAS,INICIACION MUSICAL,viernes,02:00-06:00
SUROCCIDENTE,ALFONSO LOPEZ,I.E.D KARL PARRISH,PINTURA,sabado,02:00-06:00
METROPOLITANA,CAYENAS,MEGACOLEGIO GERMAN VARGAS CANTILLO (FE Y ALEGRIA),CIRCO,martes,02:00-06:00
SUROCCIDENTE,LA PAZ,CENTRO EDUCATIVO DE HABILITACION Y REHABILITACION INTEGRAL SAN CAMILO - CE CAMILO,ESCULTURA,miercoles,08:00-12:00
RIOMAR,LA PLAYA,I.E.D SAN VICENTE DE PAUL,DANZA MODERNA,sabado,08:00-12:00
RIOMAR,SAN SALVADOR,I.E.D INEDISSA (SEDE A),GUITARRA,martes,02:00-06:00
METROPOLITANA,CARRIZAL,CDI FUNDACION SOCIAL JAIPRIS,PINTURA,martes,08:00-12:00
SUROCCIDENTE,LA PRADERA,I.E.D BETZABE ESPINOSA,PERCUSION,sabado,02:00-06:00
SUROCCIDENTE,LIPAYA,I.E.D JOSE MARIA VELAZ,TEJIDO,jueves,02:00-06:00
RIOMAR,LA PLAYA,INSTITUCION EDUCATIVA CRISTIANA LA ROSA DE SARON,DANZA MODERNA,jueves,08:00-12:00
METROPOLITANA,CIUDADELA 20 DE JULIO,I.E.D CCEBM 187,MADERA,miercoles,02:00-06:00
RIOMAR,PINAR DEL RIO,I.E.D PINAR DEL RIO (FE Y ALEGRIA),CIRCO,sabado,08:00-12:00
SURORIENTE,EL FERRY,CDI LA MILAGROSA FERRY,PERCUSION,miercoles,08:00-12:00
SURORIENTE,REBOLO,I.E.D ALFONSO LOPEZ,DANZA FOLCLORICA,martes,02:00-06:00
RIOMAR,PINAR DEL RIO,I.E.D PINAR DEL RIO (FE Y ALEGRIA),GUITARRA,sabado,02:00-06:00
SURORIENTE,LAS PALMAS,I.E.D PARA EL DESARROLLO HUMANO MARIA CANO,PINTURA,jueves,02:00-06:00
SURORIENTE,SAN JOSE,I.E.D SAN JOSE,DIBUJO,viernes,02:00-06:00
SUROCCIDENTE,LOS PINOS,I.E.D SALVADOR SUAREZ SUAREZ,MADERA,sabado,02:00-06:00
SURORIENTE,SIMON BOLIVAR,I.E.D JORGE ISAACS,INSTRUMENTOS DE VIENTO,sabado,08:00-12:00
N.C.H.,BARLOVENTO,BIBLIOTECA PILOTO PLAZA DE LA ADUANA,BISUTERÍA Y ACCESORIOS,viernes,02:00-06:00
SURORIENTE,LA CEIBA,I.E.D MEIRA DEL MAR,GUITARRA,sabado,02:00-06:00
METROPOLITANA,SANTO DOMINGO,I.E.D INMACULADA CONCEPCION,PINTURA,sabado,02:00-06:00
SURORIENTE,LAS PALMAS,I.E.D MARCO FIDEL SUAREZ,GUITARRA,viernes,02:00-06:00
RIOMAR,VILLAS DE SAN PABLO,CDI VILLAS DE SAN PABLO,TEATRO,miercoles,08:00-12:00
METROPOLITANA,LA SIERRITA,I.E.D JESUS DE NAZARETH SEDE 2,MADERA,jueves,02:00-06:00
METROPOLITANA,LA SIERRITA,I.E.D JESUS DE NAZARETH SEDE 1,DANZA FOLCLORICA,sabado,02:00-06:00
METROPOLITANA,LA SIERRITA,I.E.D JESUS DE NAZARETH SEDE 1,DANZA FOLCLORICA,sabado,02:00-06:00
SURORIENTE,UNIVERSAL,CENTRO DE EDUCACION BASICA Y MEDIA N. 132,PERCUSION,sabado,08:00-12:00
N.C.H.,RECREO,CLUB DE LEONES DE BARRANQUILLA MONARCA,GUITARRA,viernes,08:00-12:00
SUROCCIDENTE,LA ESMERALDA,CDI LA ESMERALDA,PERCUSION,jueves,08:00-12:00
N.C.H.,MONTECRISTO,I.E.D INSTITUTO TECNICO NACIONAL DE COMERCIO (INSTENALCO),PERCUSION,sabado,02:00-06:00
N.C.H.,CHIQUINQUIRA,CDI CHIQUINQUIRA FAMILIAR MAI,DANZA MODERNA,martes,08:00-12:00
SUROCCIDENTE,CARLOS MEISEL,CDI CARLOS MEISEL,PERCUSION,jueves,08:00-12:00
METROPOLITANA,VILLA  SAN PEDRO 2,I.E.D COSTA CARIBE,Maquillaje artistico,sabado,08:00-12:00
SURORIENTE,REBOLO,FUNDACION SENDEROS DE SABIDURIA,DANZA FOLCLORICA,martes,02:00-06:00
SUROCCIDENTE,LOS PINOS,I.E.D SALVADOR SUAREZ SUAREZ,ACORDEON,sabado,02:00-06:00
SUROCCIDENTE,LA MANGA,BIBLIOTECA POPULAR LA MANGA,CONFECCION ARTESANAL,martes,02:00-06:00
N.C.H.,PRADO,FUNDACION NACE UNA ESTRELLA,PERCUSION,miercoles,02:00-06:00
N.C.H.,BOSTON,I.E.D CODEBA,GUITARRA,sabado,08:00-12:00
N.C.H.,EL ROSARIO,I.E.D CODEBA SEDE UNIVERSIDAD DEL ATLANTICO,PERCUSION,jueves,08:00-12:00
METROPOLITANA,CAYENAS,MEGACOLEGIO GERMAN VARGAS CANTILLO (FE Y ALEGRIA),DANZA FOLCLORICA,miercoles,02:00-06:00
METROPOLITANA,LAS AMERICAS,I.E.D GOLDA MEIR,INSTRUMENTOS DE VIENTO,jueves,02:00-06:00
SURORIENTE,ALBORAYA 2,I.E.D CASTILLO DE LA ALBORAYA,GUITARRA,sabado,08:00-12:00
SUROCCIDENTE,LA PAZ,BIBLIOTECA LA PAZ,TEATRO,jueves,02:00-06:00
METROPOLITANA,LAS GRANJAS,I.E.D LAS GRANJAS,DANZA FOLCLORICA,jueves,02:00-06:00
SURORIENTE,SIMON BOLIVAR,I.E.D JORGE ISAACS,PERCUSION,sabado,08:00-12:00
RIOMAR,VILLAS DE SAN PABLO,I.E.D VILLAS DE SAN PABLO,DANZA MODERNA,sabado,02:00-06:00
METROPOLITANA,CAYENAS,MEGACOLEGIO GERMAN VARGAS CANTILLO (FE Y ALEGRIA),GUITARRA,miercoles,02:00-06:00
RIOMAR,LAS FLORES,INSTITUTO LAS FLORES,PINTURA,miercoles,02:00-06:00
METROPOLITANA,CIUDADELA 20 DE JULIO,CDI CIUDADELA 20 DE JULIO,PERCUSION,jueves,08:00-12:00
METROPOLITANA,SANTUARIO,CASA DE LA JUVENTUD SANTUARIO,Maquillaje artistico,domingo,08:00-12:00
SUROCCIDENTE,EL BOSQUE,CENTRO PENITENCIARIO EL BOSQUE,INICIACION MUSICAL,viernes,08:00-12:00
SUROCCIDENTE,ALFONSO LOPEZ,I.E.D KARL PARRISH,DANZA FOLCLORICA,sabado,02:00-06:00
METROPOLITANA,SANTO DOMINGO,I.E.D JOSE CONSUEGRA HIGGINS,TEJIDO,sabado,08:00-12:00
SURORIENTE,LA UNION,CENTRO DE ATENCION SUPERAR,DANZA FOLCLORICA,jueves,08:00-12:00
SURORIENTE,LOS TRUPILLOS,I.E.D LAS NIEVES (PRIMARIA),PERCUSION,domingo,08:00-12:00
SURORIENTE,LAS NIEVES,I.E.D NUESTRA SEÑORA DE LAS NIEVES,GUITARRA,viernes,08:00-12:00
METROPOLITANA,SANTA MARIA,I.E.D SANTA MARIA,CONFECCION ARTESANAL,sabado,02:00-06:00
SUROCCIDENTE,SAN FELIPE,I.E.D HILDA MUÑOZ,DANZA FOLCLORICA,sabado,02:00-06:00
SUROCCIDENTE,CALIFORNIA,HOGAR INFANTIL LAS MALVINAS (FE Y ALEGRIA),PINTURA,jueves,08:00-12:00
RIOMAR,VILLAS DE SAN PABLO,BIBLIOTECA VILLAS DE SAN PABLO,RECICLAJE Y MANUALIDADES,viernes,02:00-06:00
METROPOLITANA,7 DE ABRIL,FUNDACION INFANCIA FELIZ,GUITARRA,viernes,08:00-12:00
METROPOLITANA,CIUDADELA 20 DE JULIO,I.E.D CIUDADELA  20 DE JULIO,GUITARRA,sabado,08:00-12:00
SURORIENTE,LAS NIEVES,I.E.D NUESTRA SEÑORA DE LAS NIEVES,TEJIDO,sabado,08:00-12:00
METROPOLITANA,20 DE JULIO,I.E.D JESUS MISERICORDIOSO N. 1,PERCUSION,sabado,02:00-06:00
SUROCCIDENTE,PUMAREJO (BUENA ESPERANZA),I.E.D SALVADOR ENTREGAS,PINTURA,viernes,02:00-06:00
SURORIENTE,EL FERRY,CDI LA MILAGROSA FERRY,BISUTERÍA Y ACCESORIOS,miercoles,08:00-12:00
N.C.H.,BOSTON,I.E.D CODEBA,PINTURA,sabado,08:00-12:00
SUROCCIDENTE,LA PAZ,BIBLIOTECA LA PAZ,LITERATURA,jueves,02:00-06:00
SURORIENTE,LAS PALMAS,I.E.D RODOLFO LLINAS RIASCOS,PERCUSION,sabado,02:00-06:00
METROPOLITANA,CIUDADELA 20 DE JULIO,CDI CIUDADELA 20 DE JULIO,DANZA FOLCLORICA,miercoles,08:00-12:00
SURORIENTE,CAMPITO,I.E.D EL CAMPITO,DANZA FOLCLORICA,sabado,02:00-06:00
METROPOLITANA,CEVILLAR,I.E.D SIMON BOLIVAR,DANZA FOLCLORICA,sabado,08:00-12:00
RIOMAR,JUAN MINA,I.E.D JUAN MINA,INSTRUMENTOS DE VIENTO,sabado,02:00-06:00
SUROCCIDENTE,SAN FELIPE,I.E.D HILDA MUÑOZ,CONFECCION ARTESANAL,sabado,02:00-06:00
METROPOLITANA,CIUDADELA 20 DE JULIO,I.E.D CIUDADELA  20 DE JULIO,DANZA URBANA,sabado,08:00-12:00
METROPOLITANA,SANTO DOMINGO,I.E.D SANTO DOMINGO DE GUZMAN,PINTURA,sabado,08:00-12:00
SUROCCIDENTE,SAN FELIPE,I.E.D HILDA MUÑOZ,PERCUSION,sabado,08:00-12:00
SUROCCIDENTE,LA PAZ,BIBLIOTECA LA PAZ,MADERA,jueves,02:00-06:00
METROPOLITANA,7 DE ABRIL,HOGAR INFANTIL SAN PEDRO CLAVER (FE Y ALEGRIA),INICIACION MUSICAL,martes,08:00-12:00
N.C.H.,CHIQUINQUIRA,JARDIN INFANTIL MI PEQUENA FANTASIA,GUITARRA,miercoles,08:00-12:00
SUROCCIDENTE,PUMAREJO (BUENA ESPERANZA),I.E.D JAVIER SANCHEZ,DANZA FOLCLORICA,sabado,02:00-06:00
SURORIENTE,ALBORAYA 2,I.E.D CASTILLO DE LA ALBORAYA,CONFECCION ARTESANAL,sabado,02:00-06:00
METROPOLITANA,LA SIERRITA,I.E.D JESUS DE NAZARETH SEDE 1,PINTURA,sabado,02:00-06:00
SUROCCIDENTE,CALIFORNIA,HOGAR INFANTIL LAS MALVINAS (FE Y ALEGRIA),PERCUSION,jueves,08:00-12:00
SURORIENTE,LAS PALMAS,I.E.D MARCO FIDEL SUAREZ,PINTURA,sabado,08:00-12:00
SUROCCIDENTE,LOS PINOS,I.E.D SALVADOR SUAREZ SUAREZ,BISUTERÍA Y ACCESORIOS,sabado,02:00-06:00
N.C.H.,SANTA ANA,I.E.D DEL DESARROLLO HUMANO Y CULTURAL DEL CARIBE,DANZA FOLCLORICA,jueves,02:00-06:00
SUROCCIDENTE,SAN JOSE,I.E.D GABRIEL GARCIA MARQUEZ,TEJIDO,domingo,08:00-12:00
METROPOLITANA,CAYENAS,MEGACOLEGIO GERMAN VARGAS CANTILLO (FE Y ALEGRIA),RECICLAJE Y MANUALIDADES,miercoles,02:00-06:00
METROPOLITANA,LAS GRANJAS,I.E.D LAS GRANJAS,PINTURA,jueves,02:00-06:00
METROPOLITANA,ALBORAYA,HOGAR INFANTIL LA UNION,DANZA FOLCLORICA,martes,08:00-12:00
SUROCCIDENTE,SOURDIS,I.E.D EVARISTO SOURDIS,DANZA FOLCLORICA,sabado,08:00-12:00
METROPOLITANA,LA VICTORIA,I.E.D LA VICTORIA,LITERATURA,martes,02:00-06:00
N.C.H.,EL ROSARIO,I.E.D INSTECO (INSTITUTO TECNICO DEL COMERCIO),BISUTERÍA Y ACCESORIOS,sabado,08:00-12:00
